Order ID,Order Date,Ship Date,Customer,Region,Segment,Category,Sub-Category,Product Name,Quantity,Sales,Discount,Profit
ORD-000001,11-08-2023,16-08-2023,Customer-1,West,Home Office,Technology,Accessories,Accessories-Product-1,3,727.7,0.29,228.68
ORD-000002,09-02-2023,15-02-2023,Customer-2,East,Corporate,Technology,Laptops,Laptops-Product-2,10,2127.66,0.22,452.82
ORD-000003,05-03-2023,08-03-2023,Customer-3,Central,Corporate,Technology,Phones,Phones-Product-3,8,2253.73,0.24,767.28
ORD-000004,22-09-2023,28-09-2023,Customer-4,East,Corporate,Furniture,Tables,Tables-Product-4,7,2565.43,0.12,283.27
ORD-000005,10-01-2023,11-01-2023,Customer-5,Central,Corporate,Technology,Laptops,Laptops-Product-5,7,1843.6,0.1,656.94
ORD-000006,23-02-2023,28-02-2023,Customer-6,West,Consumer,Technology,Phones,Phones-Product-6,10,705.29,0.09,101.6
ORD-000007,19-11-2023,21-11-2023,Customer-7,West,Consumer,Office Supplies,Paper,Paper-Product-7,8,2847.17,0.1,345.33
ORD-000008,04-08-2023,07-08-2023,Customer-8,East,Consumer,Technology,Phones,Phones-Product-8,6,494.71,0.13,132.23
ORD-000009,05-01-2023,07-01-2023,Customer-9,Central,Corporate,Technology,Laptops,Laptops-Product-9,4,1429.33,0.02,366.33
ORD-000010,09-07-2023,10-07-2023,Customer-10,West,Corporate,Furniture,Storage,Storage-Product-10,8,2706.5,0.26,338.86
ORD-000011,12-10-2023,17-10-2023,Customer-11,South,Consumer,Technology,Phones,Phones-Product-11,1,286.57,0.23,56.64
ORD-000012,14-10-2023,15-10-2023,Customer-12,Central,Home Office,Office Supplies,Paper,Paper-Product-12,1,56.51,0.09,10.76
ORD-000013,11-12-2023,17-12-2023,Customer-13,South,Consumer,Office Supplies,Art,Art-Product-13,8,853.57,0.26,240.17
ORD-000014,19-01-2023,20-01-2023,Customer-14,West,Home Office,Office Supplies,Paper,Paper-Product-14,7,1154.96,0.27,266.14
ORD-000015,21-09-2023,22-09-2023,Customer-15,East,Corporate,Technology,Accessories,Accessories-Product-15,1,364.02,0.08,60.23
ORD-000016,12-02-2023,19-02-2023,Customer-16,Central,Consumer,Office Supplies,Paper,Paper-Product-16,6,2399.04,0.27,672.86
ORD-000017,19-09-2023,22-09-2023,Customer-17,East,Consumer,Technology,Phones,Phones-Product-17,5,1564.36,0.15,454.63
ORD-000018,21-06-2023,26-06-2023,Customer-18,South,Consumer,Furniture,Tables,Tables-Product-18,3,760.08,0.05,237.4
ORD-000019,07-08-2023,09-08-2023,Customer-19,South,Consumer,Technology,Phones,Phones-Product-19,10,2713.84,0.2,596.09
ORD-000020,26-07-2023,28-07-2023,Customer-20,South,Home Office,Technology,Phones,Phones-Product-0,10,2615.32,0.1,779.49
ORD-000021,10-05-2023,17-05-2023,Customer-21,West,Corporate,Furniture,Tables,Tables-Product-1,2,158.73,0.29,18.8
ORD-000022,03-05-2023,08-05-2023,Customer-22,West,Home Office,Technology,Laptops,Laptops-Product-2,3,1295.76,0.2,354.62
ORD-000023,11-04-2023,12-04-2023,Customer-23,South,Consumer,Technology,Laptops,Laptops-Product-3,9,1107.33,0.17,249.24
ORD-000024,06-11-2023,12-11-2023,Customer-24,East,Consumer,Furniture,Tables,Tables-Product-4,1,101.6,0.06,34.94
ORD-000025,20-09-2023,27-09-2023,Customer-25,East,Consumer,Office Supplies,Art,Art-Product-5,9,948.14,0.16,372.72
ORD-000026,09-06-2023,16-06-2023,Customer-26,East,Consumer,Technology,Accessories,Accessories-Product-6,5,1660.82,0.27,370.99
ORD-000027,13-10-2023,20-10-2023,Customer-27,Central,Consumer,Office Supplies,Art,Art-Product-7,7,1253.12,0.21,445.94
ORD-000028,20-05-2023,23-05-2023,Customer-28,Central,Corporate,Office Supplies,Paper,Paper-Product-8,3,1146.84,0.17,199.24
ORD-000029,24-07-2023,29-07-2023,Customer-29,South,Home Office,Technology,Phones,Phones-Product-9,8,3101.08,0.12,981.53
ORD-000030,05-08-2023,12-08-2023,Customer-30,South,Home Office,Furniture,Tables,Tables-Product-10,1,235.13,0.2,27.88
ORD-000031,02-11-2023,05-11-2023,Customer-31,Central,Corporate,Office Supplies,Paper,Paper-Product-11,2,860.41,0.06,285.29
ORD-000032,03-01-2023,09-01-2023,Customer-32,South,Consumer,Technology,Accessories,Accessories-Product-12,10,3207.03,0.3,908.32
ORD-000033,07-09-2023,10-09-2023,Customer-33,West,Corporate,Furniture,Chairs,Chairs-Product-13,10,2884.58,0.22,793.4
ORD-000034,10-07-2023,16-07-2023,Customer-34,East,Home Office,Furniture,Tables,Tables-Product-14,5,2585.93,0,347.96
ORD-000035,26-08-2023,28-08-2023,Customer-35,South,Corporate,Furniture,Storage,Storage-Product-15,10,601.67,0.26,103.43
ORD-000036,10-04-2023,10-04-2023,Customer-36,Central,Home Office,Furniture,Tables,Tables-Product-16,8,739.37,0.05,174.34
ORD-000037,26-11-2023,03-12-2023,Customer-37,Central,Consumer,Technology,Accessories,Accessories-Product-17,2,821.09,0.25,249.03
ORD-000038,21-08-2023,23-08-2023,Customer-38,East,Corporate,Technology,Phones,Phones-Product-18,8,2760.73,0.22,507.54
ORD-000039,20-03-2023,21-03-2023,Customer-39,South,Corporate,Technology,Laptops,Laptops-Product-19,8,570.72,0.1,180.59
ORD-000040,23-08-2023,28-08-2023,Customer-40,Central,Corporate,Technology,Accessories,Accessories-Product-0,8,2012.43,0.07,406.57
ORD-000041,21-09-2023,23-09-2023,Customer-41,Central,Consumer,Technology,Phones,Phones-Product-1,8,1481.45,0.15,422.17
ORD-000042,03-09-2023,09-09-2023,Customer-42,Central,Home Office,Office Supplies,Binders,Binders-Product-2,7,2316.89,0.19,512.79
ORD-000043,06-11-2023,06-11-2023,Customer-43,West,Corporate,Office Supplies,Paper,Paper-Product-3,8,1213.43,0.21,191.75
ORD-000044,17-08-2023,22-08-2023,Customer-44,Central,Corporate,Technology,Phones,Phones-Product-4,9,1021.47,0.06,403.05
ORD-000045,07-05-2023,10-05-2023,Customer-45,Central,Corporate,Furniture,Chairs,Chairs-Product-5,6,616.82,0.01,86.41
ORD-000046,19-12-2023,23-12-2023,Customer-46,Central,Corporate,Office Supplies,Binders,Binders-Product-6,2,603.17,0.18,186.39
ORD-000047,17-12-2023,23-12-2023,Customer-47,West,Home Office,Office Supplies,Art,Art-Product-7,8,1653.92,0.2,193.68
ORD-000048,25-07-2023,26-07-2023,Customer-48,East,Consumer,Technology,Laptops,Laptops-Product-8,8,1008.25,0.22,350.99
ORD-000049,13-11-2023,19-11-2023,Customer-49,Central,Home Office,Furniture,Tables,Tables-Product-9,10,731.75,0.01,122.57
ORD-000050,31-03-2023,06-04-2023,Customer-50,Central,Corporate,Technology,Laptops,Laptops-Product-10,7,1209.43,0.05,397.99
ORD-000051,24-06-2023,26-06-2023,Customer-51,West,Corporate,Technology,Laptops,Laptops-Product-11,1,365.97,0.1,46.73
ORD-000052,16-10-2023,17-10-2023,Customer-52,Central,Consumer,Office Supplies,Art,Art-Product-12,3,1438.3,0.07,562.65
ORD-000053,14-05-2023,18-05-2023,Customer-53,East,Corporate,Office Supplies,Paper,Paper-Product-13,7,2618.76,0.29,511.18
ORD-000054,20-10-2023,21-10-2023,Customer-54,Central,Consumer,Furniture,Storage,Storage-Product-14,4,1025.5,0.2,243.68
ORD-000055,22-05-2023,23-05-2023,Customer-55,South,Consumer,Furniture,Storage,Storage-Product-15,7,2780.8,0.07,1061.66
ORD-000056,31-05-2023,05-06-2023,Customer-56,South,Home Office,Technology,Accessories,Accessories-Product-16,9,1205.68,0.26,341.89
ORD-000057,04-05-2023,07-05-2023,Customer-57,East,Home Office,Technology,Phones,Phones-Product-17,1,510.81,0.05,191.29
ORD-000058,26-12-2023,31-12-2023,Customer-58,West,Consumer,Furniture,Storage,Storage-Product-18,8,2713.46,0.12,864.31
ORD-000059,03-08-2023,06-08-2023,Customer-59,East,Consumer,Technology,Laptops,Laptops-Product-19,4,674.64,0.05,229.07
ORD-000060,10-11-2023,16-11-2023,Customer-60,East,Home Office,Furniture,Chairs,Chairs-Product-0,7,792.98,0.11,295.63
ORD-000061,11-03-2023,13-03-2023,Customer-61,West,Home Office,Furniture,Chairs,Chairs-Product-1,8,1440.7,0.29,371.68
ORD-000062,15-10-2023,16-10-2023,Customer-62,East,Consumer,Furniture,Storage,Storage-Product-2,1,464.84,0.06,81.62
ORD-000063,07-12-2023,08-12-2023,Customer-63,South,Home Office,Office Supplies,Binders,Binders-Product-3,4,350.76,0.11,120.31
ORD-000064,08-04-2023,12-04-2023,Customer-64,West,Home Office,Furniture,Storage,Storage-Product-4,9,2347.95,0.02,741.36
ORD-000065,07-12-2023,08-12-2023,Customer-65,Central,Corporate,Technology,Laptops,Laptops-Product-5,5,2011.01,0.25,438.85
ORD-000066,11-11-2023,15-11-2023,Customer-66,Central,Consumer,Technology,Phones,Phones-Product-6,7,2145.22,0.08,477.62
ORD-000067,22-01-2023,27-01-2023,Customer-67,South,Corporate,Office Supplies,Paper,Paper-Product-7,3,397.47,0.19,130.04
ORD-000068,13-07-2023,19-07-2023,Customer-68,West,Corporate,Furniture,Chairs,Chairs-Product-8,2,293.55,0.04,58.99
ORD-000069,03-11-2023,08-11-2023,Customer-69,Central,Consumer,Furniture,Storage,Storage-Product-9,8,3067.8,0.23,699.19
ORD-000070,13-10-2023,16-10-2023,Customer-70,Central,Corporate,Furniture,Chairs,Chairs-Product-10,3,800.7,0.27,234.56
ORD-000071,18-06-2023,25-06-2023,Customer-71,East,Home Office,Furniture,Storage,Storage-Product-11,1,384.18,0.16,80.57
ORD-000072,07-03-2023,11-03-2023,Customer-72,West,Consumer,Office Supplies,Binders,Binders-Product-12,1,103.81,0.04,11.69
ORD-000073,31-07-2023,03-08-2023,Customer-73,Central,Consumer,Technology,Laptops,Laptops-Product-13,10,4384.44,0.14,1316.43
ORD-000074,17-03-2023,22-03-2023,Customer-74,Central,Consumer,Technology,Laptops,Laptops-Product-14,7,879.89,0.04,242.16
ORD-000075,18-11-2023,21-11-2023,Customer-75,South,Corporate,Office Supplies,Binders,Binders-Product-15,5,1980.51,0.23,209.11
ORD-000076,31-08-2023,05-09-2023,Customer-76,East,Corporate,Technology,Phones,Phones-Product-16,1,116.4,0.16,35.29
ORD-000077,07-10-2023,11-10-2023,Customer-77,Central,Consumer,Technology,Accessories,Accessories-Product-17,6,2400.99,0.2,955.52
ORD-000078,15-01-2023,20-01-2023,Customer-78,South,Corporate,Office Supplies,Paper,Paper-Product-18,1,296.88,0.25,46.39
ORD-000079,02-06-2023,06-06-2023,Customer-79,East,Corporate,Technology,Phones,Phones-Product-19,2,280.55,0.18,40.1
ORD-000080,31-05-2023,02-06-2023,Customer-80,Central,Home Office,Office Supplies,Binders,Binders-Product-0,5,1303.55,0.17,185.67
ORD-000081,23-02-2023,26-02-2023,Customer-81,Central,Consumer,Furniture,Tables,Tables-Product-1,10,4700.79,0.01,1163.12
ORD-000082,17-06-2023,18-06-2023,Customer-82,South,Corporate,Furniture,Tables,Tables-Product-2,6,2134.43,0.13,416.64
ORD-000083,06-09-2023,10-09-2023,Customer-83,Central,Consumer,Technology,Laptops,Laptops-Product-3,9,2294.84,0.16,339.09
ORD-000084,14-07-2023,15-07-2023,Customer-84,East,Consumer,Furniture,Storage,Storage-Product-4,7,2042.78,0.28,588.79
ORD-000085,16-03-2023,21-03-2023,Customer-85,South,Consumer,Office Supplies,Art,Art-Product-5,5,726.48,0.05,282.59
ORD-000086,09-12-2023,10-12-2023,Customer-86,Central,Home Office,Technology,Accessories,Accessories-Product-6,9,3651.25,0.03,1294.04
ORD-000087,22-04-2023,22-04-2023,Customer-87,South,Corporate,Furniture,Tables,Tables-Product-7,4,425.91,0.19,114.46
ORD-000088,03-10-2023,09-10-2023,Customer-88,West,Consumer,Furniture,Storage,Storage-Product-8,1,280.15,0.07,98.7
ORD-000089,24-02-2023,26-02-2023,Customer-89,East,Consumer,Technology,Accessories,Accessories-Product-9,8,1145.09,0.29,221.94
ORD-000090,18-06-2023,23-06-2023,Customer-90,East,Corporate,Office Supplies,Binders,Binders-Product-10,4,1087.28,0.26,308.51
ORD-000091,23-04-2023,30-04-2023,Customer-91,Central,Corporate,Office Supplies,Paper,Paper-Product-11,10,450.58,0.28,66.13
ORD-000092,04-02-2023,11-02-2023,Customer-92,South,Corporate,Technology,Accessories,Accessories-Product-12,2,599.9,0.06,102.18
ORD-000093,24-04-2023,26-04-2023,Customer-93,Central,Corporate,Furniture,Storage,Storage-Product-13,5,1768.89,0.01,522.06
ORD-000094,25-03-2023,27-03-2023,Customer-94,Central,Home Office,Technology,Laptops,Laptops-Product-14,6,1622.86,0.22,281.86
ORD-000095,01-09-2023,08-09-2023,Customer-95,West,Consumer,Office Supplies,Binders,Binders-Product-15,10,2965.59,0.17,882.89
ORD-000096,26-08-2023,02-09-2023,Customer-96,East,Consumer,Office Supplies,Art,Art-Product-16,9,1434.54,0.18,149.32
ORD-000097,15-06-2023,22-06-2023,Customer-97,East,Corporate,Furniture,Storage,Storage-Product-17,8,2507.54,0.22,515.38
ORD-000098,13-12-2023,19-12-2023,Customer-98,West,Consumer,Furniture,Chairs,Chairs-Product-18,4,937.26,0.13,115.37
ORD-000099,16-06-2023,21-06-2023,Customer-99,Central,Corporate,Technology,Phones,Phones-Product-19,9,3574.48,0.13,634.8
ORD-000100,08-03-2023,14-03-2023,Customer-100,South,Corporate,Furniture,Chairs,Chairs-Product-0,2,712.54,0.01,156.39
ORD-000101,06-05-2023,10-05-2023,Customer-101,Central,Home Office,Technology,Accessories,Accessories-Product-1,2,96.38,0.16,26.1
ORD-000102,12-08-2023,19-08-2023,Customer-102,South,Corporate,Technology,Phones,Phones-Product-2,5,827.99,0.22,95.87
ORD-000103,16-12-2023,20-12-2023,Customer-103,South,Home Office,Office Supplies,Binders,Binders-Product-3,8,3141.27,0.18,892.89
ORD-000104,11-06-2023,12-06-2023,Customer-104,South,Corporate,Technology,Phones,Phones-Product-4,2,931.07,0.03,225.92
ORD-000105,16-09-2023,18-09-2023,Customer-105,East,Home Office,Technology,Phones,Phones-Product-5,4,1535.67,0.2,331.94
ORD-000106,21-03-2023,22-03-2023,Customer-106,West,Consumer,Office Supplies,Art,Art-Product-6,1,241.4,0.01,63.24
ORD-000107,13-04-2023,14-04-2023,Customer-107,East,Corporate,Office Supplies,Paper,Paper-Product-7,8,3506.8,0.06,562.26
ORD-000108,15-05-2023,19-05-2023,Customer-108,East,Home Office,Office Supplies,Paper,Paper-Product-8,7,2275.44,0.11,374.68
ORD-000109,25-11-2023,30-11-2023,Customer-109,West,Home Office,Furniture,Chairs,Chairs-Product-9,5,1665.88,0.1,290.95
ORD-000110,16-05-2023,18-05-2023,Customer-110,Central,Corporate,Technology,Accessories,Accessories-Product-10,9,3856.7,0.03,1243.06
ORD-000111,07-12-2023,08-12-2023,Customer-111,West,Corporate,Office Supplies,Paper,Paper-Product-11,7,2243.9,0.04,373.57
ORD-000112,24-08-2023,24-08-2023,Customer-112,East,Corporate,Office Supplies,Art,Art-Product-12,1,67.61,0.07,7.71
ORD-000113,07-11-2023,14-11-2023,Customer-113,West,Corporate,Furniture,Tables,Tables-Product-13,2,711.54,0.02,124.47
ORD-000114,23-04-2023,28-04-2023,Customer-114,South,Corporate,Office Supplies,Paper,Paper-Product-14,9,4101.61,0.05,1206.56
ORD-000115,03-11-2023,08-11-2023,Customer-115,South,Home Office,Technology,Accessories,Accessories-Product-15,10,727.1,0.11,280.73
ORD-000116,27-03-2023,29-03-2023,Customer-116,East,Consumer,Office Supplies,Art,Art-Product-16,4,1561.68,0.05,364.21
ORD-000117,18-12-2023,24-12-2023,Customer-117,East,Consumer,Office Supplies,Art,Art-Product-17,1,93.09,0.14,23.5
ORD-000118,15-05-2023,16-05-2023,Customer-118,South,Home Office,Technology,Accessories,Accessories-Product-18,10,3346.11,0.18,833.51
ORD-000119,10-11-2023,15-11-2023,Customer-119,West,Consumer,Furniture,Storage,Storage-Product-19,8,3658.6,0.07,1374.94
ORD-000120,10-12-2023,11-12-2023,Customer-120,West,Home Office,Office Supplies,Binders,Binders-Product-0,5,2234.24,0.14,569.45
ORD-000121,08-12-2023,11-12-2023,Customer-121,West,Home Office,Office Supplies,Binders,Binders-Product-1,1,82.17,0.24,32.21
ORD-000122,26-11-2023,29-11-2023,Customer-122,West,Consumer,Furniture,Storage,Storage-Product-2,5,645.74,0.04,175.08
ORD-000123,05-04-2023,09-04-2023,Customer-123,West,Consumer,Furniture,Tables,Tables-Product-3,2,343.87,0.25,92.3
ORD-000124,18-09-2023,24-09-2023,Customer-124,West,Corporate,Furniture,Tables,Tables-Product-4,10,616.04,0.23,153.06
ORD-000125,11-02-2023,17-02-2023,Customer-125,East,Home Office,Office Supplies,Binders,Binders-Product-5,5,1394.13,0.1,425.14
ORD-000126,08-02-2023,11-02-2023,Customer-126,West,Home Office,Office Supplies,Paper,Paper-Product-6,7,2403.02,0.1,874.33
ORD-000127,30-04-2023,01-05-2023,Customer-127,Central,Home Office,Furniture,Chairs,Chairs-Product-7,1,512.24,0.02,68.47
ORD-000128,17-09-2023,24-09-2023,Customer-128,South,Consumer,Technology,Phones,Phones-Product-8,6,1334.16,0.12,257.71
ORD-000129,12-10-2023,13-10-2023,Customer-129,South,Corporate,Office Supplies,Paper,Paper-Product-9,3,665.5,0.1,96.85
ORD-000130,24-11-2023,27-11-2023,Customer-130,South,Home Office,Office Supplies,Paper,Paper-Product-10,3,582.03,0.07,205.14
ORD-000131,27-08-2023,31-08-2023,Customer-131,West,Corporate,Office Supplies,Paper,Paper-Product-11,4,767.24,0.23,218.59
ORD-000132,11-03-2023,13-03-2023,Customer-132,West,Home Office,Furniture,Storage,Storage-Product-12,5,504.98,0.27,124.14
ORD-000133,14-10-2023,19-10-2023,Customer-133,South,Consumer,Technology,Accessories,Accessories-Product-13,8,613.11,0.24,91.27
ORD-000134,22-11-2023,25-11-2023,Customer-134,Central,Consumer,Furniture,Chairs,Chairs-Product-14,5,1500.78,0.09,486.37
ORD-000135,02-09-2023,08-09-2023,Customer-135,West,Home Office,Technology,Phones,Phones-Product-15,1,267.52,0.15,82.85
ORD-000136,27-01-2023,30-01-2023,Customer-136,West,Consumer,Technology,Phones,Phones-Product-16,1,382.18,0.19,66.68
ORD-000137,12-03-2023,17-03-2023,Customer-137,East,Consumer,Furniture,Tables,Tables-Product-17,3,886.54,0.03,189.73
ORD-000138,10-01-2023,14-01-2023,Customer-138,Central,Consumer,Technology,Laptops,Laptops-Product-18,5,1662.66,0.14,588.47
ORD-000139,19-09-2023,26-09-2023,Customer-139,Central,Home Office,Office Supplies,Paper,Paper-Product-19,1,79.92,0.18,17.18
ORD-000140,10-09-2023,16-09-2023,Customer-140,South,Corporate,Furniture,Chairs,Chairs-Product-0,5,1335.9,0.3,400.35
ORD-000141,12-12-2023,16-12-2023,Customer-141,South,Consumer,Office Supplies,Art,Art-Product-1,6,788.78,0.2,127.88
ORD-000142,07-02-2023,13-02-2023,Customer-142,South,Consumer,Office Supplies,Paper,Paper-Product-2,8,654.06,0.1,196.04
ORD-000143,12-12-2023,15-12-2023,Customer-143,South,Corporate,Technology,Phones,Phones-Product-3,6,491.79,0.12,129.45
ORD-000144,11-07-2023,15-07-2023,Customer-144,East,Corporate,Technology,Phones,Phones-Product-4,2,824.47,0.11,117.71
ORD-000145,09-06-2023,13-06-2023,Customer-145,Central,Consumer,Furniture,Tables,Tables-Product-5,7,754,0.14,195.59
ORD-000146,10-07-2023,14-07-2023,Customer-146,East,Consumer,Furniture,Tables,Tables-Product-6,3,715.35,0,205.4
ORD-000147,11-08-2023,17-08-2023,Customer-147,West,Home Office,Technology,Laptops,Laptops-Product-7,1,69.15,0.27,20.95
ORD-000148,22-02-2023,25-02-2023,Customer-148,Central,Consumer,Technology,Laptops,Laptops-Product-8,3,898.32,0.21,233.05
ORD-000149,13-09-2023,20-09-2023,Customer-149,East,Corporate,Technology,Phones,Phones-Product-9,7,755.95,0.27,170.24
ORD-000150,25-06-2023,27-06-2023,Customer-150,South,Corporate,Technology,Laptops,Laptops-Product-10,8,3903.76,0.1,1376.77
ORD-000151,03-06-2023,06-06-2023,Customer-151,South,Corporate,Office Supplies,Art,Art-Product-11,4,1442.05,0.14,551.89
ORD-000152,17-06-2023,19-06-2023,Customer-152,West,Consumer,Technology,Phones,Phones-Product-12,4,812.74,0.03,273.64
ORD-000153,07-03-2023,09-03-2023,Customer-153,West,Consumer,Furniture,Storage,Storage-Product-13,10,4721.29,0.04,977.33
ORD-000154,25-09-2023,29-09-2023,Customer-154,West,Consumer,Office Supplies,Art,Art-Product-14,8,2598.86,0.14,448.22
ORD-000155,08-03-2023,11-03-2023,Customer-155,West,Corporate,Technology,Accessories,Accessories-Product-15,4,1347.85,0.08,311.58
ORD-000156,02-11-2023,09-11-2023,Customer-156,West,Corporate,Technology,Phones,Phones-Product-16,10,844.22,0.02,180.25
ORD-000157,16-11-2023,18-11-2023,Customer-157,East,Consumer,Technology,Phones,Phones-Product-17,7,2294.37,0.07,645.91
ORD-000158,20-08-2023,21-08-2023,Customer-158,East,Home Office,Office Supplies,Paper,Paper-Product-18,7,3169.56,0.12,655.39
ORD-000159,25-08-2023,29-08-2023,Customer-159,West,Consumer,Furniture,Chairs,Chairs-Product-19,6,599.55,0.09,218.08
ORD-000160,06-08-2023,11-08-2023,Customer-160,East,Corporate,Office Supplies,Art,Art-Product-0,8,3104.33,0.1,789.56
ORD-000161,09-03-2023,10-03-2023,Customer-161,South,Corporate,Office Supplies,Art,Art-Product-1,10,973.82,0.15,307.49
ORD-000162,11-08-2023,14-08-2023,Customer-162,West,Home Office,Furniture,Storage,Storage-Product-2,3,998.69,0.22,114.42
ORD-000163,07-02-2023,08-02-2023,Customer-163,East,Corporate,Furniture,Tables,Tables-Product-3,5,638.3,0.25,189.96
ORD-000164,26-09-2023,02-10-2023,Customer-164,West,Consumer,Furniture,Tables,Tables-Product-4,10,1327.88,0.17,492.61
ORD-000165,05-08-2023,09-08-2023,Customer-165,Central,Home Office,Office Supplies,Binders,Binders-Product-5,1,306.09,0.03,56.39
ORD-000166,25-10-2023,27-10-2023,Customer-166,East,Home Office,Furniture,Chairs,Chairs-Product-6,4,1643.48,0.14,610.18
ORD-000167,09-12-2023,13-12-2023,Customer-167,East,Home Office,Office Supplies,Binders,Binders-Product-7,1,44.4,0.25,17.36
ORD-000168,20-07-2023,22-07-2023,Customer-168,South,Home Office,Office Supplies,Art,Art-Product-8,6,1420.28,0.28,387.99
ORD-000169,17-02-2023,19-02-2023,Customer-169,East,Corporate,Technology,Laptops,Laptops-Product-9,5,950.46,0.3,359.58
ORD-000170,18-09-2023,20-09-2023,Customer-170,South,Home Office,Office Supplies,Art,Art-Product-10,3,1316.51,0.1,188.28
ORD-000171,22-09-2023,24-09-2023,Customer-171,East,Corporate,Office Supplies,Art,Art-Product-11,2,539.51,0.02,174.72
ORD-000172,11-06-2023,16-06-2023,Customer-172,East,Consumer,Technology,Accessories,Accessories-Product-12,5,446.06,0.09,84.27
ORD-000173,15-08-2023,21-08-2023,Customer-173,South,Home Office,Office Supplies,Art,Art-Product-13,5,383.31,0,71.78
ORD-000174,10-05-2023,11-05-2023,Customer-174,Central,Home Office,Office Supplies,Art,Art-Product-14,8,479.96,0.08,63.23
ORD-000175,23-02-2023,26-02-2023,Customer-175,Central,Consumer,Furniture,Storage,Storage-Product-15,2,811.42,0.04,104.21
ORD-000176,24-03-2023,26-03-2023,Customer-176,East,Corporate,Furniture,Storage,Storage-Product-16,6,1171.12,0.15,191.01
ORD-000177,24-01-2023,27-01-2023,Customer-177,South,Corporate,Furniture,Chairs,Chairs-Product-17,7,858.63,0.22,231.35
ORD-000178,04-02-2023,08-02-2023,Customer-178,Central,Home Office,Technology,Accessories,Accessories-Product-18,5,1340.43,0.17,319.72
ORD-000179,21-06-2023,28-06-2023,Customer-179,South,Consumer,Technology,Laptops,Laptops-Product-19,3,358.29,0.3,143.27
ORD-000180,06-03-2023,13-03-2023,Customer-180,East,Corporate,Furniture,Chairs,Chairs-Product-0,1,407.59,0.2,103.35
ORD-000181,25-05-2023,30-05-2023,Customer-181,Central,Home Office,Technology,Accessories,Accessories-Product-1,5,1745.51,0.09,636.6
ORD-000182,04-09-2023,05-09-2023,Customer-182,East,Corporate,Technology,Phones,Phones-Product-2,1,330.45,0.15,33.85
ORD-000183,10-06-2023,11-06-2023,Customer-183,South,Corporate,Furniture,Tables,Tables-Product-3,10,4974.03,0.03,962.77
ORD-000184,02-08-2023,09-08-2023,Customer-184,East,Corporate,Furniture,Chairs,Chairs-Product-4,9,2814.29,0.28,444.65
ORD-000185,06-09-2023,12-09-2023,Customer-185,Central,Corporate,Furniture,Chairs,Chairs-Product-5,2,903.77,0.14,316.83
ORD-000186,31-07-2023,06-08-2023,Customer-186,South,Corporate,Office Supplies,Paper,Paper-Product-6,1,407.63,0.03,112.4
ORD-000187,07-01-2023,10-01-2023,Customer-187,South,Corporate,Furniture,Chairs,Chairs-Product-7,1,106.11,0.09,23.63
ORD-000188,04-12-2023,07-12-2023,Customer-188,East,Corporate,Furniture,Tables,Tables-Product-8,3,997.68,0.12,155.94
ORD-000189,15-10-2023,21-10-2023,Customer-189,South,Corporate,Furniture,Chairs,Chairs-Product-9,1,124.21,0.26,37.36
ORD-000190,14-06-2023,19-06-2023,Customer-190,Central,Consumer,Furniture,Tables,Tables-Product-10,6,2133.33,0.03,449.18
ORD-000191,22-12-2023,24-12-2023,Customer-191,South,Consumer,Technology,Accessories,Accessories-Product-11,2,224.87,0.09,77.86
ORD-000192,19-01-2023,25-01-2023,Customer-192,West,Home Office,Furniture,Storage,Storage-Product-12,3,1238.62,0.23,258.3
ORD-000193,06-05-2023,11-05-2023,Customer-193,West,Corporate,Furniture,Storage,Storage-Product-13,9,3434.81,0.19,1159.61
ORD-000194,25-03-2023,25-03-2023,Customer-194,East,Home Office,Office Supplies,Binders,Binders-Product-14,7,3106.89,0.19,836.41
ORD-000195,08-09-2023,09-09-2023,Customer-195,Central,Consumer,Furniture,Chairs,Chairs-Product-15,9,2849.04,0.19,1111.11
ORD-000196,04-05-2023,08-05-2023,Customer-196,South,Consumer,Furniture,Chairs,Chairs-Product-16,8,2053.99,0.19,434.84
ORD-000197,18-03-2023,21-03-2023,Customer-197,South,Consumer,Furniture,Tables,Tables-Product-17,5,1118.9,0.02,130.08
ORD-000198,25-10-2023,30-10-2023,Customer-198,East,Consumer,Furniture,Chairs,Chairs-Product-18,3,913.74,0.16,108.42
ORD-000199,01-05-2023,04-05-2023,Customer-199,East,Home Office,Furniture,Chairs,Chairs-Product-19,3,708.03,0.22,76.6
ORD-000200,05-03-2023,06-03-2023,Customer-200,South,Corporate,Office Supplies,Paper,Paper-Product-0,9,3515.89,0.19,967.51
ORD-000201,18-12-2023,23-12-2023,Customer-201,South,Corporate,Office Supplies,Art,Art-Product-1,4,999.03,0.27,264.25
ORD-000202,27-12-2023,29-12-2023,Customer-202,South,Home Office,Furniture,Tables,Tables-Product-2,4,783.73,0.07,94.48
ORD-000203,14-11-2023,20-11-2023,Customer-203,East,Home Office,Office Supplies,Binders,Binders-Product-3,7,3401.85,0.09,1227.14
ORD-000204,25-05-2023,27-05-2023,Customer-204,East,Corporate,Office Supplies,Binders,Binders-Product-4,10,1204.35,0.3,335.16
ORD-000205,16-12-2023,21-12-2023,Customer-205,Central,Consumer,Furniture,Chairs,Chairs-Product-5,1,246.67,0.12,94.69
ORD-000206,31-01-2023,04-02-2023,Customer-206,Central,Corporate,Office Supplies,Paper,Paper-Product-6,5,1483.05,0.21,450.18
ORD-000207,10-06-2023,12-06-2023,Customer-207,Central,Corporate,Office Supplies,Binders,Binders-Product-7,7,3359.04,0.05,687.26
ORD-000208,07-08-2023,10-08-2023,Customer-208,West,Corporate,Technology,Accessories,Accessories-Product-8,2,568.47,0.01,210.5
ORD-000209,23-08-2023,27-08-2023,Customer-209,Central,Home Office,Technology,Phones,Phones-Product-9,1,128.34,0.13,29.39
ORD-000210,03-08-2023,05-08-2023,Customer-210,West,Home Office,Furniture,Chairs,Chairs-Product-10,10,2546.74,0.15,422.8
ORD-000211,14-01-2023,16-01-2023,Customer-211,Central,Corporate,Office Supplies,Art,Art-Product-11,3,881.56,0.14,146.9
ORD-000212,07-07-2023,13-07-2023,Customer-212,East,Consumer,Technology,Accessories,Accessories-Product-12,7,825.13,0.26,114.55
ORD-000213,23-04-2023,30-04-2023,Customer-213,West,Corporate,Office Supplies,Binders,Binders-Product-13,1,373.46,0.22,96.61
ORD-000214,14-01-2023,16-01-2023,Customer-214,East,Corporate,Technology,Phones,Phones-Product-14,7,2482.57,0.1,656.03
ORD-000215,20-11-2023,25-11-2023,Customer-215,South,Corporate,Technology,Laptops,Laptops-Product-15,4,1360.36,0.02,498.33
ORD-000216,04-01-2023,07-01-2023,Customer-216,Central,Corporate,Furniture,Tables,Tables-Product-16,1,100.42,0.14,24.82
ORD-000217,17-11-2023,24-11-2023,Customer-217,Central,Corporate,Furniture,Chairs,Chairs-Product-17,7,460.77,0.2,144.41
ORD-000218,14-04-2023,17-04-2023,Customer-218,East,Corporate,Technology,Accessories,Accessories-Product-18,10,3356.16,0.06,1093.89
ORD-000219,21-04-2023,26-04-2023,Customer-219,South,Home Office,Technology,Accessories,Accessories-Product-19,7,1665.91,0.22,466.05
ORD-000220,08-07-2023,14-07-2023,Customer-220,Central,Home Office,Technology,Laptops,Laptops-Product-0,10,1924.17,0.04,340.28
ORD-000221,23-09-2023,29-09-2023,Customer-221,South,Consumer,Technology,Phones,Phones-Product-1,4,1046.68,0.22,279.4
ORD-000222,05-04-2023,08-04-2023,Customer-222,South,Home Office,Technology,Accessories,Accessories-Product-2,9,400.34,0.2,129.21
ORD-000223,23-10-2023,29-10-2023,Customer-223,East,Consumer,Furniture,Storage,Storage-Product-3,8,769.91,0.21,219.77
ORD-000224,18-02-2023,23-02-2023,Customer-224,South,Corporate,Technology,Accessories,Accessories-Product-4,1,355.4,0.28,117.38
ORD-000225,21-11-2023,28-11-2023,Customer-225,Central,Home Office,Office Supplies,Art,Art-Product-5,7,1496.74,0.18,561.39
ORD-000226,18-01-2023,24-01-2023,Customer-226,South,Consumer,Furniture,Chairs,Chairs-Product-6,2,343.53,0.14,60.3
ORD-000227,02-01-2023,07-01-2023,Customer-227,East,Consumer,Furniture,Tables,Tables-Product-7,2,639.74,0.19,76.52
ORD-000228,22-11-2023,23-11-2023,Customer-228,West,Corporate,Furniture,Storage,Storage-Product-8,5,2330.42,0.03,557.37
ORD-000229,31-08-2023,04-09-2023,Customer-229,Central,Consumer,Furniture,Tables,Tables-Product-9,7,2145.81,0.1,748.6
ORD-000230,04-11-2023,08-11-2023,Customer-230,West,Home Office,Office Supplies,Art,Art-Product-10,1,257.81,0.02,89.9
ORD-000231,13-08-2023,14-08-2023,Customer-231,South,Consumer,Technology,Accessories,Accessories-Product-11,5,1658.11,0.16,222.49
ORD-000232,27-12-2023,31-12-2023,Customer-232,West,Consumer,Office Supplies,Binders,Binders-Product-12,3,1051.24,0.01,258.96
ORD-000233,10-03-2023,17-03-2023,Customer-233,Central,Corporate,Furniture,Chairs,Chairs-Product-13,9,1111.31,0.27,134.55
ORD-000234,25-01-2023,28-01-2023,Customer-234,South,Home Office,Furniture,Tables,Tables-Product-14,10,2437.81,0.11,803.98
ORD-000235,17-05-2023,20-05-2023,Customer-235,East,Home Office,Furniture,Chairs,Chairs-Product-15,2,640.91,0.19,113.89
ORD-000236,27-08-2023,31-08-2023,Customer-236,West,Corporate,Office Supplies,Binders,Binders-Product-16,8,2673.06,0.06,318.14
ORD-000237,16-05-2023,17-05-2023,Customer-237,Central,Home Office,Office Supplies,Paper,Paper-Product-17,4,1437.12,0.09,308.21
ORD-000238,21-07-2023,23-07-2023,Customer-238,West,Home Office,Office Supplies,Art,Art-Product-18,3,534.13,0.26,149.41
ORD-000239,04-02-2023,06-02-2023,Customer-239,East,Home Office,Office Supplies,Paper,Paper-Product-19,9,2091.96,0.28,566.71
ORD-000240,22-11-2023,29-11-2023,Customer-240,East,Consumer,Technology,Accessories,Accessories-Product-0,6,2273.1,0.19,544.14
ORD-000241,17-09-2023,23-09-2023,Customer-241,South,Home Office,Furniture,Storage,Storage-Product-1,6,1111.97,0.17,385.25
ORD-000242,13-09-2023,16-09-2023,Customer-242,East,Corporate,Technology,Accessories,Accessories-Product-2,3,833.15,0.29,314.96
ORD-000243,09-09-2023,15-09-2023,Customer-243,East,Corporate,Furniture,Storage,Storage-Product-3,1,102.57,0.11,14.33
ORD-000244,03-12-2023,06-12-2023,Customer-244,South,Corporate,Furniture,Chairs,Chairs-Product-4,4,1865.36,0.12,364.41
ORD-000245,16-03-2023,23-03-2023,Customer-245,East,Consumer,Office Supplies,Binders,Binders-Product-5,6,2613.53,0.12,319.77
ORD-000246,22-07-2023,23-07-2023,Customer-246,South,Consumer,Technology,Accessories,Accessories-Product-6,2,946.57,0.02,247.28
ORD-000247,24-02-2023,02-03-2023,Customer-247,Central,Consumer,Technology,Phones,Phones-Product-7,6,2437.12,0.08,700.57
ORD-000248,02-03-2023,04-03-2023,Customer-248,Central,Consumer,Technology,Accessories,Accessories-Product-8,8,1081.53,0.01,124.26
ORD-000249,31-10-2023,06-11-2023,Customer-249,West,Corporate,Technology,Laptops,Laptops-Product-9,8,798.18,0.03,223.03
ORD-000250,27-06-2023,04-07-2023,Customer-250,East,Corporate,Office Supplies,Binders,Binders-Product-10,3,794.79,0.07,146.55
ORD-000251,26-05-2023,01-06-2023,Customer-251,South,Corporate,Technology,Accessories,Accessories-Product-11,4,1641.63,0.07,602.7
ORD-000252,15-05-2023,18-05-2023,Customer-252,East,Home Office,Furniture,Storage,Storage-Product-12,10,3150.68,0.28,430.42
ORD-000253,23-04-2023,24-04-2023,Customer-253,East,Home Office,Furniture,Chairs,Chairs-Product-13,7,2841.84,0.12,660.53
ORD-000254,24-09-2023,01-10-2023,Customer-254,South,Corporate,Technology,Accessories,Accessories-Product-14,7,351.16,0.17,85.53
ORD-000255,04-01-2023,10-01-2023,Customer-255,South,Home Office,Technology,Accessories,Accessories-Product-15,6,923.82,0.02,119.12
ORD-000256,14-11-2023,20-11-2023,Customer-256,East,Corporate,Office Supplies,Paper,Paper-Product-16,7,761.16,0.15,122.16
ORD-000257,17-05-2023,18-05-2023,Customer-257,Central,Corporate,Furniture,Storage,Storage-Product-17,8,1811.61,0.13,635.74
ORD-000258,17-06-2023,23-06-2023,Customer-258,South,Consumer,Technology,Accessories,Accessories-Product-18,7,796.85,0.11,142.67
ORD-000259,23-06-2023,26-06-2023,Customer-259,East,Corporate,Technology,Phones,Phones-Product-19,1,228.23,0.22,25.88
ORD-000260,20-09-2023,21-09-2023,Customer-260,South,Consumer,Technology,Accessories,Accessories-Product-0,1,453.42,0.07,117.21
ORD-000261,16-06-2023,20-06-2023,Customer-261,Central,Consumer,Technology,Accessories,Accessories-Product-1,4,1555.9,0.24,336.35
ORD-000262,11-05-2023,16-05-2023,Customer-262,South,Corporate,Furniture,Tables,Tables-Product-2,4,1660.11,0.11,244.2
ORD-000263,18-10-2023,21-10-2023,Customer-263,West,Consumer,Technology,Accessories,Accessories-Product-3,1,119.59,0.07,23.38
ORD-000264,03-04-2023,07-04-2023,Customer-264,Central,Corporate,Furniture,Storage,Storage-Product-4,4,570.05,0.16,173.13
ORD-000265,25-01-2023,25-01-2023,Customer-265,West,Corporate,Furniture,Tables,Tables-Product-5,4,1944.99,0.03,359.31
ORD-000266,19-04-2023,21-04-2023,Customer-266,West,Home Office,Office Supplies,Binders,Binders-Product-6,5,1399.83,0.19,373.69
ORD-000267,24-10-2023,26-10-2023,Customer-267,South,Home Office,Technology,Accessories,Accessories-Product-7,3,667.85,0.17,244.04
ORD-000268,10-07-2023,11-07-2023,Customer-268,East,Home Office,Office Supplies,Binders,Binders-Product-8,9,495.62,0.26,164.57
ORD-000269,21-11-2023,23-11-2023,Customer-269,East,Corporate,Office Supplies,Binders,Binders-Product-9,9,1341.61,0.22,265.64
ORD-000270,08-03-2023,12-03-2023,Customer-270,West,Home Office,Technology,Laptops,Laptops-Product-10,6,1871.53,0.27,273.81
ORD-000271,17-08-2023,24-08-2023,Customer-271,East,Corporate,Technology,Accessories,Accessories-Product-11,3,188.6,0.16,65.3
ORD-000272,13-05-2023,17-05-2023,Customer-272,South,Home Office,Technology,Laptops,Laptops-Product-12,7,1046.22,0.16,160.89
ORD-000273,21-04-2023,23-04-2023,Customer-273,South,Home Office,Office Supplies,Paper,Paper-Product-13,6,1908.22,0.05,489.07
ORD-000274,26-12-2023,29-12-2023,Customer-274,East,Home Office,Technology,Accessories,Accessories-Product-14,1,206.39,0.17,23.36
ORD-000275,20-06-2023,25-06-2023,Customer-275,Central,Corporate,Technology,Laptops,Laptops-Product-15,9,3333.51,0.15,884.45
ORD-000276,06-05-2023,10-05-2023,Customer-276,South,Corporate,Technology,Laptops,Laptops-Product-16,4,567.59,0.24,222.8
ORD-000277,23-05-2023,28-05-2023,Customer-277,East,Consumer,Technology,Phones,Phones-Product-17,7,1906.44,0.19,678.29
ORD-000278,18-09-2023,20-09-2023,Customer-278,West,Home Office,Furniture,Tables,Tables-Product-18,4,667.05,0.15,99.49
ORD-000279,21-05-2023,24-05-2023,Customer-279,East,Consumer,Office Supplies,Paper,Paper-Product-19,3,894.34,0.09,350.54
ORD-000280,07-10-2023,07-10-2023,Customer-280,Central,Consumer,Furniture,Storage,Storage-Product-0,3,702.78,0.27,242.7
ORD-000281,16-09-2023,17-09-2023,Customer-281,East,Corporate,Office Supplies,Binders,Binders-Product-1,10,2083.86,0.08,507.9
ORD-000282,27-01-2023,03-02-2023,Customer-282,Central,Home Office,Furniture,Tables,Tables-Product-2,10,2088.64,0.13,624.63
ORD-000283,04-11-2023,09-11-2023,Customer-283,South,Corporate,Office Supplies,Binders,Binders-Product-3,5,1328.68,0.2,215.66
ORD-000284,25-03-2023,26-03-2023,Customer-284,Central,Home Office,Technology,Laptops,Laptops-Product-4,4,452.81,0.05,59.07
ORD-000285,06-07-2023,12-07-2023,Customer-285,Central,Home Office,Office Supplies,Paper,Paper-Product-5,1,109.33,0.16,22.53
ORD-000286,03-11-2023,07-11-2023,Customer-286,East,Corporate,Office Supplies,Paper,Paper-Product-6,10,1810.37,0.09,562.98
ORD-000287,20-04-2023,25-04-2023,Customer-287,East,Corporate,Office Supplies,Binders,Binders-Product-7,2,773.56,0.06,99.8
ORD-000288,20-11-2023,25-11-2023,Customer-288,West,Corporate,Furniture,Tables,Tables-Product-8,8,1126.33,0.24,364.22
ORD-000289,17-07-2023,22-07-2023,Customer-289,West,Home Office,Technology,Laptops,Laptops-Product-9,9,840.35,0.04,237.68
ORD-000290,04-01-2023,11-01-2023,Customer-290,East,Home Office,Furniture,Chairs,Chairs-Product-10,7,3179.19,0,1030.85
ORD-000291,25-04-2023,28-04-2023,Customer-291,East,Corporate,Technology,Laptops,Laptops-Product-11,5,382.3,0.23,43.16
ORD-000292,22-06-2023,26-06-2023,Customer-292,West,Consumer,Office Supplies,Paper,Paper-Product-12,2,1041.01,0.02,328.94
ORD-000293,09-02-2023,12-02-2023,Customer-293,South,Consumer,Technology,Accessories,Accessories-Product-13,10,1395.79,0.1,431.55
ORD-000294,12-07-2023,14-07-2023,Customer-294,South,Home Office,Office Supplies,Paper,Paper-Product-14,8,321.63,0.2,102.27
ORD-000295,24-04-2023,29-04-2023,Customer-295,Central,Corporate,Technology,Accessories,Accessories-Product-15,4,1214.97,0.3,377.6
ORD-000296,19-10-2023,26-10-2023,Customer-296,East,Corporate,Technology,Laptops,Laptops-Product-16,8,3686,0.09,1124.01
ORD-000297,22-01-2023,26-01-2023,Customer-297,South,Corporate,Office Supplies,Binders,Binders-Product-17,1,214.45,0.14,29.78
ORD-000298,23-11-2023,27-11-2023,Customer-298,Central,Home Office,Furniture,Tables,Tables-Product-18,9,2194.66,0.05,378.26
ORD-000299,20-05-2023,25-05-2023,Customer-299,West,Corporate,Technology,Accessories,Accessories-Product-19,1,196.51,0.26,54.88
ORD-000300,08-11-2023,09-11-2023,Customer-300,South,Consumer,Furniture,Chairs,Chairs-Product-0,7,1034.77,0.27,301.88
ORD-000301,27-05-2023,28-05-2023,Customer-301,East,Corporate,Office Supplies,Binders,Binders-Product-1,2,301.02,0.2,47.37
ORD-000302,26-01-2023,29-01-2023,Customer-302,Central,Consumer,Technology,Laptops,Laptops-Product-2,3,1115.01,0.26,251.03
ORD-000303,25-11-2023,01-12-2023,Customer-303,South,Corporate,Furniture,Tables,Tables-Product-3,7,1229.52,0.21,255.21
ORD-000304,23-03-2023,30-03-2023,Customer-304,Central,Home Office,Office Supplies,Paper,Paper-Product-4,8,1412.56,0.17,522.81
ORD-000305,24-04-2023,26-04-2023,Customer-305,Central,Corporate,Office Supplies,Binders,Binders-Product-5,7,1866.22,0,401.48
ORD-000306,06-01-2023,12-01-2023,Customer-306,South,Corporate,Office Supplies,Binders,Binders-Product-6,6,2581.06,0.03,502.51
ORD-000307,11-01-2023,13-01-2023,Customer-307,West,Corporate,Office Supplies,Paper,Paper-Product-7,4,1823.84,0.14,274.83
ORD-000308,03-01-2023,07-01-2023,Customer-308,South,Home Office,Furniture,Storage,Storage-Product-8,5,1165.77,0.04,404.4
ORD-000309,25-10-2023,01-11-2023,Customer-309,East,Consumer,Office Supplies,Binders,Binders-Product-9,2,931.26,0.11,269.26
ORD-000310,26-10-2023,29-10-2023,Customer-310,South,Consumer,Furniture,Tables,Tables-Product-10,5,1543.15,0.03,209.75
ORD-000311,01-11-2023,03-11-2023,Customer-311,Central,Home Office,Office Supplies,Paper,Paper-Product-11,7,1124.01,0.01,446.4
ORD-000312,24-06-2023,28-06-2023,Customer-312,East,Home Office,Technology,Laptops,Laptops-Product-12,8,2504.72,0.17,681.8
ORD-000313,25-11-2023,29-11-2023,Customer-313,South,Corporate,Furniture,Tables,Tables-Product-13,5,1780.14,0.14,338.76
ORD-000314,25-12-2023,28-12-2023,Customer-314,Central,Home Office,Furniture,Tables,Tables-Product-14,4,1142.64,0.05,340.63
ORD-000315,08-11-2023,15-11-2023,Customer-315,East,Consumer,Technology,Laptops,Laptops-Product-15,9,835.59,0.18,134.88
ORD-000316,02-01-2023,03-01-2023,Customer-316,West,Corporate,Furniture,Storage,Storage-Product-16,3,1211.82,0.02,303.83
ORD-000317,08-04-2023,13-04-2023,Customer-317,South,Home Office,Furniture,Chairs,Chairs-Product-17,5,547.44,0.26,131.41
ORD-000318,20-11-2023,22-11-2023,Customer-318,South,Corporate,Technology,Phones,Phones-Product-18,10,1290.68,0.22,218.01
ORD-000319,05-03-2023,07-03-2023,Customer-319,Central,Home Office,Technology,Phones,Phones-Product-19,6,2707.63,0.1,1078.06
ORD-000320,04-02-2023,08-02-2023,Customer-320,Central,Home Office,Office Supplies,Binders,Binders-Product-0,4,787.97,0.22,165.9
ORD-000321,26-06-2023,03-07-2023,Customer-321,South,Corporate,Office Supplies,Art,Art-Product-1,4,891.23,0.26,234.55
ORD-000322,15-04-2023,21-04-2023,Customer-322,West,Home Office,Office Supplies,Paper,Paper-Product-2,6,3172.37,0.02,669.7
ORD-000323,18-12-2023,23-12-2023,Customer-323,South,Corporate,Furniture,Chairs,Chairs-Product-3,3,653.74,0.3,95.96
ORD-000324,26-08-2023,02-09-2023,Customer-324,Central,Consumer,Furniture,Chairs,Chairs-Product-4,9,1363.26,0.28,355.1
ORD-000325,22-05-2023,23-05-2023,Customer-325,East,Corporate,Technology,Laptops,Laptops-Product-5,2,848.7,0.05,300.94
ORD-000326,27-03-2023,03-04-2023,Customer-326,West,Consumer,Office Supplies,Binders,Binders-Product-6,10,890.65,0.2,270.16
ORD-000327,20-12-2023,26-12-2023,Customer-327,East,Consumer,Office Supplies,Art,Art-Product-7,10,3662.93,0.21,475.96
ORD-000328,06-02-2023,07-02-2023,Customer-328,East,Corporate,Office Supplies,Paper,Paper-Product-8,8,1999.78,0.02,745.18
ORD-000329,03-03-2023,05-03-2023,Customer-329,East,Consumer,Technology,Accessories,Accessories-Product-9,2,165.27,0.06,31.68
ORD-000330,25-12-2023,31-12-2023,Customer-330,West,Consumer,Technology,Accessories,Accessories-Product-10,10,3446.86,0.22,1230.6
ORD-000331,18-07-2023,25-07-2023,Customer-331,East,Corporate,Furniture,Tables,Tables-Product-11,3,803.57,0.17,134.66
ORD-000332,07-06-2023,08-06-2023,Customer-332,West,Corporate,Office Supplies,Paper,Paper-Product-12,10,2746.52,0.21,487.47
ORD-000333,13-09-2023,20-09-2023,Customer-333,East,Consumer,Office Supplies,Art,Art-Product-13,4,582.4,0.21,102.65
ORD-000334,03-01-2023,10-01-2023,Customer-334,East,Consumer,Technology,Laptops,Laptops-Product-14,10,2638.05,0.14,806.43
ORD-000335,24-10-2023,31-10-2023,Customer-335,South,Corporate,Technology,Phones,Phones-Product-15,6,2734.33,0.09,698.82
ORD-000336,05-02-2023,07-02-2023,Customer-336,South,Consumer,Technology,Laptops,Laptops-Product-16,6,242.79,0.24,48.72
ORD-000337,10-09-2023,14-09-2023,Customer-337,East,Home Office,Furniture,Storage,Storage-Product-17,10,1978.18,0.03,367.73
ORD-000338,07-11-2023,13-11-2023,Customer-338,East,Home Office,Office Supplies,Binders,Binders-Product-18,2,547.33,0.05,200.41
ORD-000339,18-06-2023,23-06-2023,Customer-339,West,Consumer,Furniture,Storage,Storage-Product-19,7,1640,0.11,634.94
ORD-000340,30-11-2023,01-12-2023,Customer-340,Central,Corporate,Furniture,Storage,Storage-Product-0,3,404.9,0.2,111
ORD-000341,09-12-2023,13-12-2023,Customer-341,Central,Corporate,Technology,Laptops,Laptops-Product-1,7,1279.12,0.12,272.31
ORD-000342,13-02-2023,18-02-2023,Customer-342,East,Home Office,Technology,Phones,Phones-Product-2,9,4270.69,0.14,468.58
ORD-000343,09-10-2023,15-10-2023,Customer-343,Central,Consumer,Furniture,Storage,Storage-Product-3,1,352.43,0.1,99.62
ORD-000344,06-08-2023,07-08-2023,Customer-344,West,Corporate,Furniture,Chairs,Chairs-Product-4,2,705.1,0.19,92.29
ORD-000345,09-11-2023,14-11-2023,Customer-345,West,Corporate,Office Supplies,Binders,Binders-Product-5,8,306.83,0.25,34.74
ORD-000346,17-06-2023,23-06-2023,Customer-346,West,Corporate,Office Supplies,Paper,Paper-Product-6,9,4109.23,0.1,1445.08
ORD-000347,22-12-2023,28-12-2023,Customer-347,South,Home Office,Office Supplies,Binders,Binders-Product-7,9,1225.81,0.06,293.79
ORD-000348,08-04-2023,10-04-2023,Customer-348,South,Corporate,Technology,Phones,Phones-Product-8,4,1502.07,0.06,192.04
ORD-000349,20-07-2023,23-07-2023,Customer-349,East,Corporate,Technology,Accessories,Accessories-Product-9,8,2705.11,0,852.17
ORD-000350,10-12-2023,14-12-2023,Customer-350,Central,Corporate,Technology,Phones,Phones-Product-10,9,1512.56,0.26,337.84
ORD-000351,23-02-2023,27-02-2023,Customer-351,East,Consumer,Office Supplies,Art,Art-Product-11,7,487.75,0.16,119.65
ORD-000352,13-08-2023,16-08-2023,Customer-352,West,Consumer,Office Supplies,Paper,Paper-Product-12,6,1546.39,0.14,240.85
ORD-000353,26-08-2023,28-08-2023,Customer-353,South,Home Office,Office Supplies,Binders,Binders-Product-13,4,515.04,0.24,115.71
ORD-000354,27-12-2023,30-12-2023,Customer-354,Central,Consumer,Technology,Laptops,Laptops-Product-14,7,2131.55,0.01,616.88
ORD-000355,25-06-2023,27-06-2023,Customer-355,East,Consumer,Technology,Laptops,Laptops-Product-15,8,2438.68,0.29,794.53
ORD-000356,07-01-2023,08-01-2023,Customer-356,South,Consumer,Technology,Phones,Phones-Product-16,3,258.64,0.16,59.3
ORD-000357,01-04-2023,02-04-2023,Customer-357,West,Home Office,Furniture,Chairs,Chairs-Product-17,5,962.06,0.21,340.47
ORD-000358,04-05-2023,10-05-2023,Customer-358,South,Consumer,Furniture,Storage,Storage-Product-18,8,2761.83,0.14,934.27
ORD-000359,18-04-2023,24-04-2023,Customer-359,South,Corporate,Office Supplies,Paper,Paper-Product-19,7,2113.47,0.18,217.29
ORD-000360,17-05-2023,20-05-2023,Customer-360,East,Consumer,Furniture,Storage,Storage-Product-0,3,391.35,0.16,107.08
ORD-000361,22-08-2023,23-08-2023,Customer-361,West,Home Office,Furniture,Chairs,Chairs-Product-1,10,3055.27,0.01,533.32
ORD-000362,27-08-2023,02-09-2023,Customer-362,South,Corporate,Technology,Accessories,Accessories-Product-2,6,2493.23,0.16,661.57
ORD-000363,01-04-2023,03-04-2023,Customer-363,East,Home Office,Furniture,Chairs,Chairs-Product-3,5,678.53,0.04,247.74
ORD-000364,31-12-2022,05-01-2023,Customer-364,West,Consumer,Technology,Accessories,Accessories-Product-4,9,4329.69,0.03,1097.39
ORD-000365,23-12-2023,25-12-2023,Customer-365,Central,Consumer,Technology,Laptops,Laptops-Product-5,7,2706.51,0.24,319.19
ORD-000366,04-03-2023,07-03-2023,Customer-366,South,Consumer,Technology,Laptops,Laptops-Product-6,7,768.34,0.14,168.29
ORD-000367,19-12-2023,22-12-2023,Customer-367,Central,Consumer,Office Supplies,Art,Art-Product-7,3,658.16,0.22,170.19
ORD-000368,27-04-2023,04-05-2023,Customer-368,East,Corporate,Furniture,Storage,Storage-Product-8,7,2268.34,0.07,463.86
ORD-000369,27-09-2023,01-10-2023,Customer-369,East,Corporate,Technology,Accessories,Accessories-Product-9,6,326.68,0.22,75.51
ORD-000370,13-12-2023,17-12-2023,Customer-370,Central,Consumer,Furniture,Tables,Tables-Product-10,4,627.8,0.06,192.65
ORD-000371,24-08-2023,26-08-2023,Customer-371,Central,Consumer,Technology,Phones,Phones-Product-11,5,2367.76,0.08,274.31
ORD-000372,08-06-2023,14-06-2023,Customer-372,Central,Corporate,Furniture,Storage,Storage-Product-12,10,2808.69,0.09,633.38
ORD-000373,09-02-2023,09-02-2023,Customer-373,Central,Home Office,Furniture,Tables,Tables-Product-13,8,1906.17,0.27,515.59
ORD-000374,15-12-2023,18-12-2023,Customer-374,East,Consumer,Office Supplies,Paper,Paper-Product-14,2,645.35,0.04,227.86
ORD-000375,20-05-2023,24-05-2023,Customer-375,West,Home Office,Technology,Laptops,Laptops-Product-15,10,3092.43,0.23,974.29
ORD-000376,09-08-2023,13-08-2023,Customer-376,Central,Corporate,Technology,Phones,Phones-Product-16,6,1648.3,0.14,278.41
ORD-000377,06-05-2023,09-05-2023,Customer-377,Central,Consumer,Furniture,Chairs,Chairs-Product-17,9,508.38,0.09,116.31
ORD-000378,04-09-2023,10-09-2023,Customer-378,East,Home Office,Office Supplies,Binders,Binders-Product-18,3,549.22,0.29,113.09
ORD-000379,25-02-2023,27-02-2023,Customer-379,West,Corporate,Technology,Phones,Phones-Product-19,6,1531.13,0.18,439
ORD-000380,11-11-2023,14-11-2023,Customer-380,South,Corporate,Furniture,Storage,Storage-Product-0,4,438.53,0.05,70.23
ORD-000381,10-01-2023,14-01-2023,Customer-381,South,Home Office,Office Supplies,Art,Art-Product-1,8,1901.1,0.08,395.63
ORD-000382,27-03-2023,29-03-2023,Customer-382,Central,Consumer,Furniture,Storage,Storage-Product-2,2,344.47,0.13,79.92
ORD-000383,21-05-2023,26-05-2023,Customer-383,Central,Corporate,Technology,Phones,Phones-Product-3,4,1422.7,0.21,210.57
ORD-000384,11-09-2023,18-09-2023,Customer-384,South,Home Office,Furniture,Tables,Tables-Product-4,1,148.9,0.27,26.63
ORD-000385,02-06-2023,08-06-2023,Customer-385,East,Consumer,Technology,Phones,Phones-Product-5,9,2508.09,0.13,404.14
ORD-000386,09-10-2023,11-10-2023,Customer-386,South,Consumer,Furniture,Chairs,Chairs-Product-6,9,1792.33,0.15,212.13
ORD-000387,26-09-2023,30-09-2023,Customer-387,South,Consumer,Office Supplies,Paper,Paper-Product-7,7,3313.69,0.05,1253.25
ORD-000388,16-09-2023,23-09-2023,Customer-388,Central,Corporate,Furniture,Tables,Tables-Product-8,1,91.34,0.07,12.11
ORD-000389,12-12-2023,18-12-2023,Customer-389,East,Corporate,Furniture,Chairs,Chairs-Product-9,4,212.07,0.18,66.21
ORD-000390,12-08-2023,16-08-2023,Customer-390,East,Home Office,Furniture,Storage,Storage-Product-10,4,523.2,0.1,198.53
ORD-000391,06-03-2023,13-03-2023,Customer-391,West,Consumer,Technology,Laptops,Laptops-Product-11,3,1057.99,0.14,277.6
ORD-000392,13-03-2023,17-03-2023,Customer-392,West,Home Office,Furniture,Storage,Storage-Product-12,1,143.11,0.26,29.35
ORD-000393,07-10-2023,13-10-2023,Customer-393,West,Home Office,Furniture,Storage,Storage-Product-13,1,60.47,0.06,16.58
ORD-000394,06-11-2023,08-11-2023,Customer-394,West,Home Office,Furniture,Chairs,Chairs-Product-14,6,751.88,0.23,298.44
ORD-000395,16-11-2023,22-11-2023,Customer-395,East,Consumer,Technology,Accessories,Accessories-Product-15,4,475.58,0.15,151.88
ORD-000396,20-09-2023,27-09-2023,Customer-396,Central,Consumer,Furniture,Chairs,Chairs-Product-16,9,2078.24,0.28,461.1
ORD-000397,02-02-2023,05-02-2023,Customer-397,Central,Consumer,Technology,Accessories,Accessories-Product-17,7,2046.17,0.21,533.03
ORD-000398,03-05-2023,05-05-2023,Customer-398,Central,Consumer,Office Supplies,Paper,Paper-Product-18,5,1476.98,0.3,266.64
ORD-000399,08-09-2023,10-09-2023,Customer-399,East,Consumer,Office Supplies,Art,Art-Product-19,5,728.11,0.16,192.9
ORD-000400,06-05-2023,13-05-2023,Customer-400,East,Home Office,Office Supplies,Art,Art-Product-0,8,647.54,0.11,180.72
ORD-000401,24-05-2023,26-05-2023,Customer-401,South,Home Office,Office Supplies,Binders,Binders-Product-1,5,1383.29,0.2,257.82
ORD-000402,02-08-2023,06-08-2023,Customer-402,East,Corporate,Office Supplies,Art,Art-Product-2,8,3227.41,0.24,1223.98
ORD-000403,26-09-2023,02-10-2023,Customer-403,East,Home Office,Furniture,Storage,Storage-Product-3,8,3985.63,0.06,1317.19
ORD-000404,07-12-2023,10-12-2023,Customer-404,Central,Home Office,Office Supplies,Binders,Binders-Product-4,10,1502.54,0.18,481.92
ORD-000405,27-06-2023,28-06-2023,Customer-405,East,Corporate,Technology,Accessories,Accessories-Product-5,2,768.52,0.18,240.1
ORD-000406,09-08-2023,10-08-2023,Customer-406,West,Consumer,Technology,Laptops,Laptops-Product-6,4,1229.89,0.16,234.2
ORD-000407,26-02-2023,27-02-2023,Customer-407,West,Consumer,Technology,Laptops,Laptops-Product-7,8,1121.9,0.22,176.34
ORD-000408,22-07-2023,24-07-2023,Customer-408,South,Corporate,Technology,Laptops,Laptops-Product-8,1,203.68,0.1,38.75
ORD-000409,19-08-2023,22-08-2023,Customer-409,East,Consumer,Office Supplies,Art,Art-Product-9,2,777.47,0.27,202.29
ORD-000410,26-03-2023,26-03-2023,Customer-410,West,Corporate,Technology,Accessories,Accessories-Product-10,7,680.29,0.13,123.6
ORD-000411,23-05-2023,28-05-2023,Customer-411,Central,Corporate,Office Supplies,Paper,Paper-Product-11,6,2412.16,0.08,411.48
ORD-000412,06-11-2023,12-11-2023,Customer-412,Central,Consumer,Office Supplies,Paper,Paper-Product-12,9,3162.96,0.04,994.39
ORD-000413,25-07-2023,29-07-2023,Customer-413,South,Corporate,Office Supplies,Art,Art-Product-13,6,1206.59,0.03,439.06
ORD-000414,12-11-2023,19-11-2023,Customer-414,West,Corporate,Furniture,Tables,Tables-Product-14,4,479.02,0.19,187.76
ORD-000415,12-05-2023,18-05-2023,Customer-415,East,Consumer,Technology,Accessories,Accessories-Product-15,10,2616.01,0.19,830.2
ORD-000416,04-12-2023,08-12-2023,Customer-416,Central,Home Office,Technology,Phones,Phones-Product-16,9,398.83,0.16,69
ORD-000417,09-07-2023,10-07-2023,Customer-417,West,Home Office,Furniture,Chairs,Chairs-Product-17,1,254.36,0.29,27.94
ORD-000418,25-02-2023,01-03-2023,Customer-418,South,Home Office,Technology,Phones,Phones-Product-18,6,971.97,0.23,339.56
ORD-000419,04-03-2023,08-03-2023,Customer-419,Central,Corporate,Furniture,Tables,Tables-Product-19,8,2341.68,0.15,272.44
ORD-000420,17-03-2023,23-03-2023,Customer-420,West,Consumer,Office Supplies,Art,Art-Product-0,8,3548.49,0.07,586.17
ORD-000421,16-06-2023,18-06-2023,Customer-421,South,Corporate,Office Supplies,Art,Art-Product-1,3,972.38,0.01,387.78
ORD-000422,20-09-2023,22-09-2023,Customer-422,South,Home Office,Furniture,Tables,Tables-Product-2,7,1615.59,0.14,529.42
ORD-000423,31-05-2023,06-06-2023,Customer-423,South,Corporate,Technology,Accessories,Accessories-Product-3,5,1338.27,0.12,434.69
ORD-000424,05-04-2023,11-04-2023,Customer-424,West,Home Office,Office Supplies,Binders,Binders-Product-4,5,1307.55,0.14,376.64
ORD-000425,13-03-2023,20-03-2023,Customer-425,East,Home Office,Furniture,Tables,Tables-Product-5,10,2083.38,0.24,254.87
ORD-000426,12-11-2023,15-11-2023,Customer-426,West,Home Office,Technology,Laptops,Laptops-Product-6,10,4477.96,0.06,588.22
ORD-000427,18-12-2023,20-12-2023,Customer-427,West,Home Office,Furniture,Chairs,Chairs-Product-7,9,1122.57,0.07,321.76
ORD-000428,15-12-2023,19-12-2023,Customer-428,Central,Corporate,Technology,Laptops,Laptops-Product-8,1,405.18,0.15,58.16
ORD-000429,04-01-2023,08-01-2023,Customer-429,West,Consumer,Technology,Phones,Phones-Product-9,4,1045.49,0.28,240.92
ORD-000430,24-08-2023,28-08-2023,Customer-430,South,Home Office,Technology,Phones,Phones-Product-10,9,2494.26,0.11,749.25
ORD-000431,12-01-2023,13-01-2023,Customer-431,West,Consumer,Furniture,Chairs,Chairs-Product-11,9,1437.65,0.01,179.51
ORD-000432,07-12-2023,09-12-2023,Customer-432,East,Consumer,Technology,Phones,Phones-Product-12,6,2089.59,0.12,371.71
ORD-000433,16-02-2023,16-02-2023,Customer-433,West,Home Office,Furniture,Tables,Tables-Product-13,10,3857.02,0.24,1325.3
ORD-000434,10-08-2023,15-08-2023,Customer-434,East,Home Office,Furniture,Tables,Tables-Product-14,6,2590.55,0.15,695.76
ORD-000435,26-01-2023,29-01-2023,Customer-435,West,Consumer,Office Supplies,Art,Art-Product-15,6,322.74,0.24,83.17
ORD-000436,30-06-2023,06-07-2023,Customer-436,East,Home Office,Office Supplies,Paper,Paper-Product-16,2,154.14,0.16,43.91
ORD-000437,26-06-2023,01-07-2023,Customer-437,West,Consumer,Office Supplies,Art,Art-Product-17,10,2501.95,0.02,584.19
ORD-000438,16-06-2023,19-06-2023,Customer-438,West,Consumer,Furniture,Chairs,Chairs-Product-18,8,3470.48,0.07,712.78
ORD-000439,17-10-2023,23-10-2023,Customer-439,South,Consumer,Office Supplies,Paper,Paper-Product-19,2,425.45,0.26,145.96
ORD-000440,18-05-2023,21-05-2023,Customer-440,East,Home Office,Furniture,Storage,Storage-Product-0,8,346.04,0.3,115.78
ORD-000441,27-07-2023,03-08-2023,Customer-441,Central,Consumer,Furniture,Tables,Tables-Product-1,3,601.27,0.1,168.39
ORD-000442,25-06-2023,27-06-2023,Customer-442,Central,Consumer,Office Supplies,Paper,Paper-Product-2,2,857.91,0.2,213.65
ORD-000443,13-07-2023,16-07-2023,Customer-443,East,Home Office,Office Supplies,Art,Art-Product-3,9,906.75,0.01,361.92
ORD-000444,15-07-2023,20-07-2023,Customer-444,South,Corporate,Office Supplies,Art,Art-Product-4,1,353.51,0.2,109.33
ORD-000445,13-04-2023,19-04-2023,Customer-445,Central,Home Office,Furniture,Storage,Storage-Product-5,4,603.06,0.22,208.3
ORD-000446,19-05-2023,26-05-2023,Customer-446,Central,Home Office,Technology,Laptops,Laptops-Product-6,10,2854.92,0.26,585.76
ORD-000447,22-12-2023,26-12-2023,Customer-447,West,Home Office,Furniture,Chairs,Chairs-Product-7,10,3512.4,0.2,635.93
ORD-000448,14-11-2023,20-11-2023,Customer-448,East,Home Office,Technology,Accessories,Accessories-Product-8,10,1502.57,0.27,433.71
ORD-000449,07-05-2023,14-05-2023,Customer-449,West,Corporate,Office Supplies,Binders,Binders-Product-9,9,2853.94,0.28,536.58
ORD-000450,25-10-2023,26-10-2023,Customer-450,East,Consumer,Office Supplies,Binders,Binders-Product-10,9,3887.79,0.2,549.64
ORD-000451,19-10-2023,20-10-2023,Customer-451,West,Corporate,Technology,Phones,Phones-Product-11,7,2152.66,0.17,459.74
ORD-000452,25-11-2023,25-11-2023,Customer-452,South,Corporate,Technology,Laptops,Laptops-Product-12,5,594.97,0.05,204.93
ORD-000453,08-06-2023,14-06-2023,Customer-453,Central,Corporate,Office Supplies,Paper,Paper-Product-13,7,2544.62,0.04,800.44
ORD-000454,01-02-2023,04-02-2023,Customer-454,East,Consumer,Office Supplies,Paper,Paper-Product-14,7,3086.65,0.04,487.46
ORD-000455,26-10-2023,30-10-2023,Customer-455,West,Consumer,Technology,Laptops,Laptops-Product-15,9,1113.62,0.29,386.21
ORD-000456,02-02-2023,09-02-2023,Customer-456,East,Corporate,Technology,Laptops,Laptops-Product-16,1,103.37,0.26,13.1
ORD-000457,01-02-2023,08-02-2023,Customer-457,West,Consumer,Technology,Laptops,Laptops-Product-17,5,755.07,0.19,110.72
ORD-000458,21-07-2023,26-07-2023,Customer-458,West,Corporate,Office Supplies,Art,Art-Product-18,7,736.52,0.29,235.86
ORD-000459,19-03-2023,20-03-2023,Customer-459,East,Home Office,Technology,Laptops,Laptops-Product-19,3,1159.07,0.09,374.85
ORD-000460,26-08-2023,27-08-2023,Customer-460,East,Corporate,Technology,Accessories,Accessories-Product-0,9,3526.25,0.08,714.82
ORD-000461,06-03-2023,11-03-2023,Customer-461,East,Consumer,Technology,Accessories,Accessories-Product-1,3,645.56,0.05,65.1
ORD-000462,14-01-2023,18-01-2023,Customer-462,Central,Consumer,Technology,Accessories,Accessories-Product-2,10,4220.31,0.2,514.56
ORD-000463,14-07-2023,15-07-2023,Customer-463,East,Corporate,Furniture,Storage,Storage-Product-3,10,2625.49,0.19,1016.53
ORD-000464,24-04-2023,27-04-2023,Customer-464,East,Corporate,Office Supplies,Art,Art-Product-4,7,1816.82,0.23,546.78
ORD-000465,19-09-2023,21-09-2023,Customer-465,West,Corporate,Furniture,Tables,Tables-Product-5,10,3510.09,0.26,1253.64
ORD-000466,21-02-2023,27-02-2023,Customer-466,East,Consumer,Office Supplies,Binders,Binders-Product-6,3,577.72,0.18,80.53
ORD-000467,18-08-2023,21-08-2023,Customer-467,Central,Consumer,Furniture,Tables,Tables-Product-7,6,2804.56,0.06,989.23
ORD-000468,21-09-2023,24-09-2023,Customer-468,Central,Corporate,Office Supplies,Art,Art-Product-8,8,2081.36,0.21,797.01
ORD-000469,16-08-2023,23-08-2023,Customer-469,Central,Corporate,Office Supplies,Paper,Paper-Product-9,6,1225.82,0.29,128.78
ORD-000470,27-05-2023,29-05-2023,Customer-470,South,Consumer,Technology,Laptops,Laptops-Product-10,2,716.96,0.29,119.59
ORD-000471,02-05-2023,08-05-2023,Customer-471,South,Consumer,Office Supplies,Binders,Binders-Product-11,7,1256.09,0.24,181.17
ORD-000472,23-02-2023,28-02-2023,Customer-472,Central,Consumer,Office Supplies,Paper,Paper-Product-12,6,955.74,0.04,140.68
ORD-000473,06-11-2023,12-11-2023,Customer-473,Central,Consumer,Office Supplies,Art,Art-Product-13,10,2900.48,0.24,761.82
ORD-000474,07-03-2023,09-03-2023,Customer-474,East,Home Office,Technology,Phones,Phones-Product-14,2,874.62,0.05,246.52
ORD-000475,01-07-2023,03-07-2023,Customer-475,East,Consumer,Office Supplies,Art,Art-Product-15,2,539.15,0.14,207.89
ORD-000476,18-02-2023,25-02-2023,Customer-476,South,Consumer,Furniture,Storage,Storage-Product-16,5,1594.14,0.21,335.22
ORD-000477,02-12-2023,07-12-2023,Customer-477,South,Home Office,Office Supplies,Paper,Paper-Product-17,7,2472.76,0.03,431.51
ORD-000478,20-02-2023,22-02-2023,Customer-478,West,Consumer,Technology,Phones,Phones-Product-18,7,1934.36,0.22,222.15
ORD-000479,14-09-2023,20-09-2023,Customer-479,Central,Corporate,Office Supplies,Art,Art-Product-19,2,312.24,0.27,34.25
ORD-000480,18-09-2023,25-09-2023,Customer-480,Central,Home Office,Technology,Accessories,Accessories-Product-0,1,355.77,0.27,59.39
ORD-000481,16-09-2023,23-09-2023,Customer-481,West,Corporate,Furniture,Chairs,Chairs-Product-1,8,2341.78,0.21,252.21
ORD-000482,03-11-2023,10-11-2023,Customer-482,Central,Consumer,Furniture,Chairs,Chairs-Product-2,6,1071.21,0.19,346.85
ORD-000483,03-05-2023,07-05-2023,Customer-483,South,Consumer,Technology,Laptops,Laptops-Product-3,7,1551.76,0.28,345.53
ORD-000484,09-11-2023,14-11-2023,Customer-484,West,Corporate,Technology,Accessories,Accessories-Product-4,4,1044.46,0.29,239.4
ORD-000485,25-04-2023,28-04-2023,Customer-485,East,Home Office,Technology,Laptops,Laptops-Product-5,7,1892.94,0.28,690.32
ORD-000486,09-11-2023,11-11-2023,Customer-486,Central,Consumer,Technology,Laptops,Laptops-Product-6,2,484.68,0.29,90.31
ORD-000487,24-10-2023,27-10-2023,Customer-487,East,Corporate,Technology,Accessories,Accessories-Product-7,6,2230.62,0.23,258.59
ORD-000488,22-02-2023,23-02-2023,Customer-488,East,Corporate,Furniture,Tables,Tables-Product-8,1,380.75,0.27,42.94
ORD-000489,27-03-2023,31-03-2023,Customer-489,West,Consumer,Office Supplies,Paper,Paper-Product-9,10,4405.58,0.04,588.24
ORD-000490,12-07-2023,14-07-2023,Customer-490,South,Consumer,Furniture,Storage,Storage-Product-10,9,3475.53,0.13,1326.72
ORD-000491,08-10-2023,12-10-2023,Customer-491,South,Consumer,Furniture,Storage,Storage-Product-11,10,1489.07,0.26,163.46
ORD-000492,27-11-2023,30-11-2023,Customer-492,East,Consumer,Furniture,Tables,Tables-Product-12,7,2679.46,0.18,793.76
ORD-000493,17-11-2023,20-11-2023,Customer-493,South,Consumer,Office Supplies,Paper,Paper-Product-13,5,1382.54,0.25,199.17
ORD-000494,23-09-2023,28-09-2023,Customer-494,Central,Consumer,Technology,Laptops,Laptops-Product-14,8,2643.94,0.08,682.06
ORD-000495,23-01-2023,26-01-2023,Customer-495,Central,Home Office,Office Supplies,Art,Art-Product-15,4,722.33,0.18,103.95
ORD-000496,11-06-2023,14-06-2023,Customer-496,South,Corporate,Technology,Accessories,Accessories-Product-16,6,1460.5,0.19,302.97
ORD-000497,17-09-2023,20-09-2023,Customer-497,Central,Corporate,Technology,Accessories,Accessories-Product-17,9,950.44,0.14,299.71
ORD-000498,26-09-2023,28-09-2023,Customer-498,East,Consumer,Office Supplies,Binders,Binders-Product-18,9,843.29,0.19,270.73
ORD-000499,27-10-2023,29-10-2023,Customer-499,East,Consumer,Technology,Laptops,Laptops-Product-19,9,2511.09,0.05,867.08
ORD-000500,24-07-2023,26-07-2023,Customer-500,South,Home Office,Furniture,Chairs,Chairs-Product-0,2,90.93,0.23,11.37
